{"cameraMode":{"drawMode":0,"name":"Shaded","section":"Shading Mode"},"sceneLighting":true,"audioPlay":false,"sceneViewState":{"m_AlwaysRefresh":false,"showFog":true,"showSkybox":true,"showFlares":true,"showImageEffects":true,"showParticleSystems":true,"showVisualEffectGraphs":true,"m_FxEnabled":true},"in2DMode":false,"pivot":{"x":-4.684185981750488,"y":10.061031341552735,"z":-10.561013221740723},"rotation":{"x":0.37460988759994509,"y":0.06251399219036102,"z":-0.025324618443846704,"w":0.9247264266014099},"size":12.12435531616211,"orthographic":false}